{
    "985823fb8fd4ecad2592d359aaac99233ec774fa4f6616772755e78a69155758": {
        "location": "C:/Users/Manoj/OneDrive/Desktop/ddas_project\\example.txt",
        "timestamp": "2024-10-08 23:56:29.068567"
    },
    "e3b0c44298fc1c149afbf4c8996fb92427ae41e4649b934ca495991b7852b855": {
        "location": "C:\\Users\\Manoj\\OneDrive\\Desktop\\ddas_project\\download_files\\example.txt",
        "timestamp": "2024-10-09 00:24:04.633983"
    },
    "4a5a867fef4d8a0bb7f7e2f1a5262dd5264d473336f3ce44d4040c4e1921787d": {
        "location": "C:\\Users\\Manoj\\OneDrive\\Desktop\\ddas_project\\download_files\\co.txt",
        "timestamp": "2024-10-09 11:58:09.346562"
    },
    "babbc4dfc89d3404da2a397d126fd24a17ea73ada1b4ceddc5b69f8fee48f9ed": {
        "location": "C:\\Users\\Manoj\\OneDrive\\Desktop\\ddas_project\\download_files\\tamil.txt",
        "timestamp": "2024-10-09 17:21:45.727428"
    },
    "e390fba4e39452509ec0fc0fc7543a94bfa7049f24d25d58b47a6a4b17f036f7": {
        "location": "C:\\Users\\Manoj\\OneDrive\\Desktop\\ddas_project\\download_files\\dpd.txt",
        "timestamp": "2024-10-09 17:24:20.000647"
    },
    "efc53dfc8425fc1dfddc3702e7743f8e9e1ea871e2818204b165cc150f238061": {
        "location": "C:\\Users\\Manoj\\OneDrive\\Desktop\\ddas_project\\download_files\\dpd.txt",
        "timestamp": "2024-10-09 17:26:50.656659"
    },
    "53a753fedf0f012ac5a62c770693000302e1b0a34a0cd1e044e7e7aa99950c46": {
        "location": "C:\\Users\\Manoj\\OneDrive\\Desktop\\ddas_project\\download_files\\dpd.txt",
        "timestamp": "2024-10-09 17:33:00.768186"
    },
    "48e798f3e8f733e8f91dc8a58971abb695fd7f826141eb5d4c19295132dd19bc": {
        "location": "C:\\Users\\Manoj\\OneDrive\\Desktop\\ddas_project\\download_files\\dpd.txt",
        "timestamp": "2024-10-09 17:33:50.079583"
    },
    "b03f216975ded6064f4cd84a04b141e2dea663c9576b633c0f07475f49808e89": {
        "location": "C:\\Users\\Manoj\\OneDrive\\Desktop\\ddas_project\\download_files\\dpd.txt",
        "timestamp": "2024-10-10 13:44:56.583647"
    },
    "b7c5e71436ad5b9b4c87e867c21c61db5507f9bb7da24976b14ba424842fb7d7": {
        "location": "C:\\Users\\Manoj\\OneDrive\\Desktop\\ddas_project\\download_files\\area.txt",
        "timestamp": "2024-10-10 14:13:17.942707"
    },
    "ced43377fba847a718b7413473dc712adf00a5af3ba37984c16874e32501e340": {
        "location": "C:\\Users\\Manoj\\OneDrive\\Desktop\\ddas_project\\download_files\\kavin.txt",
        "timestamp": "2024-10-10 14:17:51.918811"
    },
    "fa3dfff0379b1494153711a9157da9b1101e2990e23068f9a5dcbe18214d55f7": {
        "location": "C:\\Users\\Manoj\\OneDrive\\Desktop\\ddas_project\\download_files\\kavin.txt",
        "timestamp": "2024-10-10 15:18:34.415246"
    },
    "f01c87f603758d6bf286e713acd32b369303c178f05eebef581656eda4b6f562": {
        "location": "C:\\Users\\Manoj\\OneDrive\\Desktop\\ddas_project\\download_files\\ddas.py",
        "timestamp": "2024-10-25 23:13:01.384261"
    },
    "12a71aa990a30e593cb80299d1579ac80a8503fc6183aad0043a8d02d4047033": {
        "location": "C:\\Users\\Manoj\\OneDrive\\Desktop\\ddas_project\\download_files\\ddas1.py",
        "timestamp": "2024-10-25 23:13:01.385433"
    },
    "24cac4887f61453c5988ed2ac49dd94196fc5f91112b2090d559547fa1aa6901": {
        "location": "C:\\Users\\Manoj\\OneDrive\\Desktop\\ddas_project\\download_files\\dpd.txt.txt",
        "timestamp": "2024-10-25 23:13:01.419578"
    },
    "1bb3894aa4b1ee11513bc62b183b8b9734fed08e6e87ce20adfbeca9fb6fa295": {
        "location": "C:\\Users\\Manoj\\OneDrive\\Desktop\\ddas_project\\download_files\\file_metadata.json",
        "timestamp": "2024-10-25 23:13:01.422840"
    },
    "274ce4ed98e62f500b1ceb89d229a31c8586b80716865389c60258d7e15f8cc9": {
        "location": "C:\\Users\\Manoj\\OneDrive\\Desktop\\ddas_project\\download_files\\manifest.json",
        "timestamp": "2024-10-25 23:13:01.424516"
    },
    "bbd749da9cc2dcb30676d8b3c31a72bcc121aaaecbc208afdd080e4a8f03f274": {
        "location": "C:\\Users\\Manoj\\OneDrive\\Desktop\\ddas_project\\download_files\\samefile detect.py",
        "timestamp": "2024-10-25 23:13:01.426820"
    },
    "762913e1c76b7420489081edd7ee46b8eb6c907d856da9e4b60c9a0d8372bc47": {
        "location": "C:\\Users\\Manoj\\OneDrive\\Desktop\\ddas_project\\download_files\\file_metadata.json",
        "timestamp": "2024-10-25 23:16:23.266792"
    },
    "8b6776224b47e731eb847a4e6f73a3ff3e5d44ee24b67f8c6f789fd66abe2bd7": {
        "location": "C:\\Users\\Manoj\\OneDrive\\Desktop\\ddas_project\\download_files\\samefile detect.py",
        "timestamp": "2024-10-25 23:16:23.276591"
    },
    "ca8b2057bbad996ae55b38e73e95703f69f01637ef5bafb3a52e6ffeb34a32d9": {
        "location": "C:\\Users\\Manoj\\OneDrive\\Desktop\\ddas_project\\download_files\\file_metadata.json",
        "timestamp": "2024-10-25 23:43:44.494848"
    },
    "c5c75b4dc8a273edca07facf7949d97d7afbd085f27005d1b43b7339a58f9f5a": {
        "location": "C:\\Users\\Manoj\\OneDrive\\Desktop\\ddas_project\\download_files\\kavin1.txt",
        "timestamp": "2024-10-25 23:55:38.187836"
    },
    "4c10afd78d163d877d27129c143bb299051b89da0960dc7334f536e6275e987e": {
        "location": "C:\\Users\\Manoj\\OneDrive\\Desktop\\ddas_project\\download_files\\datas.txt",
        "timestamp": "2024-10-26 07:58:20.715412"
    },
    "48b676e2b107da679512b793d5fd4cc4329f0c7c17a97cf6e0e3d1005b600b03": {
        "location": "C:\\Users\\Manoj\\OneDrive\\Desktop\\ddas_project\\download_files\\datas1.txt",
        "timestamp": "2024-10-26 08:02:07.177271"
    },
    "209f06e15bb2a69b10650ed894af699398dbb9a7507c42649d2292835a89c7f4": {
        "location": "C:\\Users\\Manoj\\OneDrive\\Desktop\\ddas_project\\download_files\\manojh.txt",
        "timestamp": "2024-11-04 11:28:11.002937"
    },
    "8f434346648f6b96df89dda901c5176b10a6d83961dd3c1ac88b59b2dc327aa4": {
        "location": "C:\\Users\\Manoj\\OneDrive\\Desktop\\ddas_project\\download_files\\kavin.txt",
        "timestamp": "2024-11-04 11:30:13.762279"
    },
    "d9c82042b46d5dc6bf151cbce860bcb8af54e5cdaabb5de379214c4d4c2dbc59": {
        "location": "C:\\Users\\Manoj\\OneDrive\\Desktop\\ddas_project\\download_files\\ideathon 2k24.txt",
        "timestamp": "2024-11-16 14:00:11.922951"
    },
    "f85518ad2ee8cbb41bb22dbd04804672ff15d12d6f22f1e70ee2158d8ce6f6f7": {
        "location": "C:\\Users\\Manoj\\OneDrive\\Desktop\\ddas_project\\download_files\\jayaraj.txt",
        "timestamp": "2025-01-24 21:41:13.027507"
    },
    "8df37cc3228163cd22c508cd4dbcb0c1779260297284fa7de3fdbc5a1ff194a6": {
        "location": "C:\\Users\\Manoj\\OneDrive\\Desktop\\ddas_project\\download_files\\mani.txt",
        "timestamp": "2025-02-06 10:08:03.970019"
    },
    "2db1b8d5f7fe22e07b7047a64eb027b433b2edd223b36410ffff1c383576c963": {
        "location": "C:\\Users\\Manoj\\OneDrive\\Desktop\\ddas_project\\download_files\\kali.txt",
        "timestamp": "2025-05-13 11:53:04.568042"
    }
}